артикул WB,название,ссылки
803651838,Скраб для тела Саперави · 250 мл,https://raw.githubusercontent.com/pmaabuserxd-tech/wb-photos/main/mtevani-cosmetics/803651838/slide-1.jpg;https://raw.githubusercontent.com/pmaabuserxd-tech/wb-photos/main/mtevani-cosmetics/803651838/slide-2.jpg;https://raw.githubusercontent.com/pmaabuserxd-tech/wb-photos/main/mtevani-cosmetics/803651838/slide-3.jpg;https://raw.githubusercontent.com/pmaabuserxd-tech/wb-photos/main/mtevani-cosmetics/803651838/slide-4.jpg;https://raw.githubusercontent.com/pmaabuserxd-tech/wb-photos/main/mtevani-cosmetics/803651838/slide-5.jpg;https://raw.githubusercontent.com/pmaabuserxd-tech/wb-photos/main/mtevani-cosmetics/803651838/slide-6.jpg;https://raw.githubusercontent.com/pmaabuserxd-tech/wb-photos/main/mtevani-cosmetics/803651838/slide-7.jpg
803724234,Подарочный набор Саперави,https://raw.githubusercontent.com/pmaabuserxd-tech/wb-photos/main/mtevani-cosmetics/803724234/slide-1.jpg;https://raw.githubusercontent.com/pmaabuserxd-tech/wb-photos/main/mtevani-cosmetics/803724234/slide-2.jpg;https://raw.githubusercontent.com/pmaabuserxd-tech/wb-photos/main/mtevani-cosmetics/803724234/slide-3.jpg;https://raw.githubusercontent.com/pmaabuserxd-tech/wb-photos/main/mtevani-cosmetics/803724234/slide-4.jpg;https://raw.githubusercontent.com/pmaabuserxd-tech/wb-photos/main/mtevani-cosmetics/803724234/slide-5.jpg;https://raw.githubusercontent.com/pmaabuserxd-tech/wb-photos/main/mtevani-cosmetics/803724234/slide-6.jpg
806946566,Массажное масло Ркацители · 250 мл,https://raw.githubusercontent.com/pmaabuserxd-tech/wb-photos/main/mtevani-cosmetics/806946566/slide-1.jpg;https://raw.githubusercontent.com/pmaabuserxd-tech/wb-photos/main/mtevani-cosmetics/806946566/slide-2.jpg;https://raw.githubusercontent.com/pmaabuserxd-tech/wb-photos/main/mtevani-cosmetics/806946566/slide-3.jpg;https://raw.githubusercontent.com/pmaabuserxd-tech/wb-photos/main/mtevani-cosmetics/806946566/slide-4.jpg;https://raw.githubusercontent.com/pmaabuserxd-tech/wb-photos/main/mtevani-cosmetics/806946566/slide-5.jpg;https://raw.githubusercontent.com/pmaabuserxd-tech/wb-photos/main/mtevani-cosmetics/806946566/slide-6.jpg;https://raw.githubusercontent.com/pmaabuserxd-tech/wb-photos/main/mtevani-cosmetics/806946566/slide-7.jpg
806998329,Кондиционер Хванчкара · 250 мл,https://raw.githubusercontent.com/pmaabuserxd-tech/wb-photos/main/mtevani-cosmetics/806998329/slide-1.jpg;https://raw.githubusercontent.com/pmaabuserxd-tech/wb-photos/main/mtevani-cosmetics/806998329/slide-2.jpg;https://raw.githubusercontent.com/pmaabuserxd-tech/wb-photos/main/mtevani-cosmetics/806998329/slide-3.jpg;https://raw.githubusercontent.com/pmaabuserxd-tech/wb-photos/main/mtevani-cosmetics/806998329/slide-4.jpg;https://raw.githubusercontent.com/pmaabuserxd-tech/wb-photos/main/mtevani-cosmetics/806998329/slide-5.jpg;https://raw.githubusercontent.com/pmaabuserxd-tech/wb-photos/main/mtevani-cosmetics/806998329/slide-6.jpg;https://raw.githubusercontent.com/pmaabuserxd-tech/wb-photos/main/mtevani-cosmetics/806998329/slide-7.jpg
807005327,Гель для душа Хванчкара · 250 мл,https://raw.githubusercontent.com/pmaabuserxd-tech/wb-photos/main/mtevani-cosmetics/807005327/slide-1.jpg;https://raw.githubusercontent.com/pmaabuserxd-tech/wb-photos/main/mtevani-cosmetics/807005327/slide-2.jpg;https://raw.githubusercontent.com/pmaabuserxd-tech/wb-photos/main/mtevani-cosmetics/807005327/slide-3.jpg;https://raw.githubusercontent.com/pmaabuserxd-tech/wb-photos/main/mtevani-cosmetics/807005327/slide-4.jpg;https://raw.githubusercontent.com/pmaabuserxd-tech/wb-photos/main/mtevani-cosmetics/807005327/slide-5.jpg;https://raw.githubusercontent.com/pmaabuserxd-tech/wb-photos/main/mtevani-cosmetics/807005327/slide-6.jpg;https://raw.githubusercontent.com/pmaabuserxd-tech/wb-photos/main/mtevani-cosmetics/807005327/slide-7.jpg
807008357,Скраб для тела Хванчкара · 250 мл,https://raw.githubusercontent.com/pmaabuserxd-tech/wb-photos/main/mtevani-cosmetics/807008357/slide-1.jpg;https://raw.githubusercontent.com/pmaabuserxd-tech/wb-photos/main/mtevani-cosmetics/807008357/slide-2.jpg;https://raw.githubusercontent.com/pmaabuserxd-tech/wb-photos/main/mtevani-cosmetics/807008357/slide-3.jpg;https://raw.githubusercontent.com/pmaabuserxd-tech/wb-photos/main/mtevani-cosmetics/807008357/slide-4.jpg;https://raw.githubusercontent.com/pmaabuserxd-tech/wb-photos/main/mtevani-cosmetics/807008357/slide-5.jpg;https://raw.githubusercontent.com/pmaabuserxd-tech/wb-photos/main/mtevani-cosmetics/807008357/slide-6.jpg;https://raw.githubusercontent.com/pmaabuserxd-tech/wb-photos/main/mtevani-cosmetics/807008357/slide-7.jpg
807018195,Жидкое мыло Хванчкара · 400 мл,https://raw.githubusercontent.com/pmaabuserxd-tech/wb-photos/main/mtevani-cosmetics/807018195/slide-1.jpg;https://raw.githubusercontent.com/pmaabuserxd-tech/wb-photos/main/mtevani-cosmetics/807018195/slide-2.jpg;https://raw.githubusercontent.com/pmaabuserxd-tech/wb-photos/main/mtevani-cosmetics/807018195/slide-3.jpg;https://raw.githubusercontent.com/pmaabuserxd-tech/wb-photos/main/mtevani-cosmetics/807018195/slide-4.jpg;https://raw.githubusercontent.com/pmaabuserxd-tech/wb-photos/main/mtevani-cosmetics/807018195/slide-5.jpg;https://raw.githubusercontent.com/pmaabuserxd-tech/wb-photos/main/mtevani-cosmetics/807018195/slide-6.jpg;https://raw.githubusercontent.com/pmaabuserxd-tech/wb-photos/main/mtevani-cosmetics/807018195/slide-7.jpg
807024752,Подарочный набор Хванчкара,https://raw.githubusercontent.com/pmaabuserxd-tech/wb-photos/main/mtevani-cosmetics/807024752/slide-1.jpg;https://raw.githubusercontent.com/pmaabuserxd-tech/wb-photos/main/mtevani-cosmetics/807024752/slide-2.jpg;https://raw.githubusercontent.com/pmaabuserxd-tech/wb-photos/main/mtevani-cosmetics/807024752/slide-3.jpg;https://raw.githubusercontent.com/pmaabuserxd-tech/wb-photos/main/mtevani-cosmetics/807024752/slide-4.jpg;https://raw.githubusercontent.com/pmaabuserxd-tech/wb-photos/main/mtevani-cosmetics/807024752/slide-5.jpg;https://raw.githubusercontent.com/pmaabuserxd-tech/wb-photos/main/mtevani-cosmetics/807024752/slide-6.jpg
807036263,Маска для лица Сад Мтевани · 250 мл,https://raw.githubusercontent.com/pmaabuserxd-tech/wb-photos/main/mtevani-cosmetics/807036263/slide-1.jpg;https://raw.githubusercontent.com/pmaabuserxd-tech/wb-photos/main/mtevani-cosmetics/807036263/slide-2.jpg;https://raw.githubusercontent.com/pmaabuserxd-tech/wb-photos/main/mtevani-cosmetics/807036263/slide-3.jpg;https://raw.githubusercontent.com/pmaabuserxd-tech/wb-photos/main/mtevani-cosmetics/807036263/slide-4.jpg;https://raw.githubusercontent.com/pmaabuserxd-tech/wb-photos/main/mtevani-cosmetics/807036263/slide-5.jpg;https://raw.githubusercontent.com/pmaabuserxd-tech/wb-photos/main/mtevani-cosmetics/807036263/slide-6.jpg;https://raw.githubusercontent.com/pmaabuserxd-tech/wb-photos/main/mtevani-cosmetics/807036263/slide-7.jpg
807042966,Крем для рук Сад Мтевани · 250 мл,https://raw.githubusercontent.com/pmaabuserxd-tech/wb-photos/main/mtevani-cosmetics/807042966/slide-1.jpg;https://raw.githubusercontent.com/pmaabuserxd-tech/wb-photos/main/mtevani-cosmetics/807042966/slide-2.jpg;https://raw.githubusercontent.com/pmaabuserxd-tech/wb-photos/main/mtevani-cosmetics/807042966/slide-3.jpg;https://raw.githubusercontent.com/pmaabuserxd-tech/wb-photos/main/mtevani-cosmetics/807042966/slide-4.jpg;https://raw.githubusercontent.com/pmaabuserxd-tech/wb-photos/main/mtevani-cosmetics/807042966/slide-5.jpg;https://raw.githubusercontent.com/pmaabuserxd-tech/wb-photos/main/mtevani-cosmetics/807042966/slide-6.jpg;https://raw.githubusercontent.com/pmaabuserxd-tech/wb-photos/main/mtevani-cosmetics/807042966/slide-7.jpg
807056261,Твёрдое мыло Сад Мтевани · 90 г,https://raw.githubusercontent.com/pmaabuserxd-tech/wb-photos/main/mtevani-cosmetics/807056261/slide-1.jpg;https://raw.githubusercontent.com/pmaabuserxd-tech/wb-photos/main/mtevani-cosmetics/807056261/slide-2.jpg;https://raw.githubusercontent.com/pmaabuserxd-tech/wb-photos/main/mtevani-cosmetics/807056261/slide-3.jpg;https://raw.githubusercontent.com/pmaabuserxd-tech/wb-photos/main/mtevani-cosmetics/807056261/slide-4.jpg;https://raw.githubusercontent.com/pmaabuserxd-tech/wb-photos/main/mtevani-cosmetics/807056261/slide-5.jpg;https://raw.githubusercontent.com/pmaabuserxd-tech/wb-photos/main/mtevani-cosmetics/807056261/slide-6.jpg;https://raw.githubusercontent.com/pmaabuserxd-tech/wb-photos/main/mtevani-cosmetics/807056261/slide-7.jpg
807062571,Подарочный набор Сад Мтевани,https://raw.githubusercontent.com/pmaabuserxd-tech/wb-photos/main/mtevani-cosmetics/807062571/slide-1.jpg;https://raw.githubusercontent.com/pmaabuserxd-tech/wb-photos/main/mtevani-cosmetics/807062571/slide-2.jpg;https://raw.githubusercontent.com/pmaabuserxd-tech/wb-photos/main/mtevani-cosmetics/807062571/slide-3.jpg;https://raw.githubusercontent.com/pmaabuserxd-tech/wb-photos/main/mtevani-cosmetics/807062571/slide-4.jpg;https://raw.githubusercontent.com/pmaabuserxd-tech/wb-photos/main/mtevani-cosmetics/807062571/slide-5.jpg;https://raw.githubusercontent.com/pmaabuserxd-tech/wb-photos/main/mtevani-cosmetics/807062571/slide-6.jpg
815080890,Лосьон для тела Ркацители · 250 мл,https://raw.githubusercontent.com/pmaabuserxd-tech/wb-photos/main/mtevani-cosmetics/815080890/slide-1.jpg;https://raw.githubusercontent.com/pmaabuserxd-tech/wb-photos/main/mtevani-cosmetics/815080890/slide-2.jpg;https://raw.githubusercontent.com/pmaabuserxd-tech/wb-photos/main/mtevani-cosmetics/815080890/slide-3.jpg;https://raw.githubusercontent.com/pmaabuserxd-tech/wb-photos/main/mtevani-cosmetics/815080890/slide-4.jpg;https://raw.githubusercontent.com/pmaabuserxd-tech/wb-photos/main/mtevani-cosmetics/815080890/slide-5.jpg;https://raw.githubusercontent.com/pmaabuserxd-tech/wb-photos/main/mtevani-cosmetics/815080890/slide-6.jpg;https://raw.githubusercontent.com/pmaabuserxd-tech/wb-photos/main/mtevani-cosmetics/815080890/slide-7.jpg
816865149,Шампунь «Ркацители» 250 мл · без парабенов,https://raw.githubusercontent.com/pmaabuserxd-tech/wb-photos/main/mtevani-cosmetics/816865149/slide-1.jpg;https://raw.githubusercontent.com/pmaabuserxd-tech/wb-photos/main/mtevani-cosmetics/816865149/slide-2.jpg;https://raw.githubusercontent.com/pmaabuserxd-tech/wb-photos/main/mtevani-cosmetics/816865149/slide-3.jpg;https://raw.githubusercontent.com/pmaabuserxd-tech/wb-photos/main/mtevani-cosmetics/816865149/slide-4.jpg;https://raw.githubusercontent.com/pmaabuserxd-tech/wb-photos/main/mtevani-cosmetics/816865149/slide-5.jpg;https://raw.githubusercontent.com/pmaabuserxd-tech/wb-photos/main/mtevani-cosmetics/816865149/slide-6.jpg;https://raw.githubusercontent.com/pmaabuserxd-tech/wb-photos/main/mtevani-cosmetics/816865149/slide-7.jpg
816874631,Шампунь «Саперави» 250 мл · без парабенов,https://raw.githubusercontent.com/pmaabuserxd-tech/wb-photos/main/mtevani-cosmetics/816874631/slide-1.jpg;https://raw.githubusercontent.com/pmaabuserxd-tech/wb-photos/main/mtevani-cosmetics/816874631/slide-2.jpg;https://raw.githubusercontent.com/pmaabuserxd-tech/wb-photos/main/mtevani-cosmetics/816874631/slide-3.jpg;https://raw.githubusercontent.com/pmaabuserxd-tech/wb-photos/main/mtevani-cosmetics/816874631/slide-4.jpg;https://raw.githubusercontent.com/pmaabuserxd-tech/wb-photos/main/mtevani-cosmetics/816874631/slide-5.jpg;https://raw.githubusercontent.com/pmaabuserxd-tech/wb-photos/main/mtevani-cosmetics/816874631/slide-6.jpg;https://raw.githubusercontent.com/pmaabuserxd-tech/wb-photos/main/mtevani-cosmetics/816874631/slide-7.jpg
816879107,Шампунь «Хванчкара» 250 мл · без парабенов,https://raw.githubusercontent.com/pmaabuserxd-tech/wb-photos/main/mtevani-cosmetics/816879107/slide-1.jpg;https://raw.githubusercontent.com/pmaabuserxd-tech/wb-photos/main/mtevani-cosmetics/816879107/slide-2.jpg;https://raw.githubusercontent.com/pmaabuserxd-tech/wb-photos/main/mtevani-cosmetics/816879107/slide-3.jpg;https://raw.githubusercontent.com/pmaabuserxd-tech/wb-photos/main/mtevani-cosmetics/816879107/slide-4.jpg;https://raw.githubusercontent.com/pmaabuserxd-tech/wb-photos/main/mtevani-cosmetics/816879107/slide-5.jpg;https://raw.githubusercontent.com/pmaabuserxd-tech/wb-photos/main/mtevani-cosmetics/816879107/slide-6.jpg;https://raw.githubusercontent.com/pmaabuserxd-tech/wb-photos/main/mtevani-cosmetics/816879107/slide-7.jpg
