артикул WB,название,слайд GE,слайд RU,тип,элемент,грузинский,русский,правка носителя,замечание
807005327,Гель для душа Хванчкара · 250 мл,2,1,poster,заголовок,შხაპის გელი,Гель для душа,,
807005327,Гель для душа Хванчкара · 250 мл,2,1,poster,seriesName,ხვანჭკარა,Хванчкара,,
807005327,Гель для душа Хванчкара · 250 мл,2,1,poster,components,"ყურძნის წიპწის ზეთი, გლიცერინი","Масло виноградных косточек, Глицерин",,
807005327,Гель для душа Хванчкара · 250 мл,2,1,poster,volume,250 მლ,250 мл,,
807005327,Гель для душа Хванчкара · 250 мл,2,1,poster,пункт 1,ნაზი წმენდა,Мягкое очищение,,
807005327,Гель для душа Хванчкара · 250 мл,2,1,poster,пункт 2,დატენიანება,Увлажнение,,
807005327,Гель для душа Хванчкара · 250 мл,2,1,poster,пункт 3,დარბილება,Смягчение,,
807005327,Гель для душа Хванчкара · 250 мл,2,1,poster,пункт 4,ბუნებრივი შემადგენლობა,Натуральный состав,,
807005327,Гель для душа Хванчкара · 250 мл,4,3,css-detail,заголовок,შემადგენლობა,Состав,,
807005327,Гель для душа Хванчкара · 250 мл,4,3,css-detail,пункт 1,ყურძნის წიპწის ზეთი,Масло виноградных косточек,,
807005327,Гель для душа Хванчкара · 250 мл,4,3,css-detail,пункт 2,გლიცერინი,Глицерин,,
807005327,Гель для душа Хванчкара · 250 мл,4,3,css-detail,пункт 3,კალიუმის კოკოატი,Кокоат калия,,
807005327,Гель для душа Хванчкара · 250 мл,6,5,css-detail,заголовок,მახასიათებლები,Характеристики,,
807005327,Гель для душа Хванчкара · 250 мл,6,5,css-detail,пункт 1,მოცულობა — 250 მლ,Объём — 250 мл,,
807005327,Гель для душа Хванчкара · 250 мл,6,5,css-detail,пункт 2,ქვეყანა — საქართველო,Страна — Грузия,,
807005327,Гель для душа Хванчкара · 250 мл,6,5,css-detail,пункт 3,კანის ტიპი — ყველა ტიპი,Тип кожи — Все типы,,
816879107,Шампунь «Хванчкара» 250 мл · без парабенов,2,1,poster,заголовок,შამპუნი,Шампунь,,
816879107,Шампунь «Хванчкара» 250 мл · без парабенов,2,1,poster,seriesName,ხვანჭკარა,Хванчкара,,
816879107,Шампунь «Хванчкара» 250 мл · без парабенов,2,1,poster,components,"ყურძნის წიპწის ზეთი, D-პანთენოლი","Масло виноградных косточек, D-пантенол",,
816879107,Шампунь «Хванчкара» 250 мл · без парабенов,2,1,poster,volume,250 მლ,250 мл,,
816879107,Шампунь «Хванчкара» 250 мл · без парабенов,2,1,poster,пункт 1,ნაზი წმენდა,Мягкое очищение,,
816879107,Шампунь «Хванчкара» 250 мл · без парабенов,2,1,poster,пункт 2,დატენიანება,Увлажнение,,
816879107,Шампунь «Хванчкара» 250 мл · без парабенов,2,1,poster,пункт 3,ბზინვარება და სირბილე,Блеск и мягкость,,
816879107,Шампунь «Хванчкара» 250 мл · без парабенов,2,1,poster,пункт 4,ბუნებრივი შემადგენლობა,Натуральный состав,,
816879107,Шампунь «Хванчкара» 250 мл · без парабенов,4,3,css-detail,заголовок,შემადგენლობა,Состав,,
816879107,Шампунь «Хванчкара» 250 мл · без парабенов,4,3,css-detail,пункт 1,ყურძნის წიპწის ზეთი,Масло виноградных косточек,,
816879107,Шампунь «Хванчкара» 250 мл · без парабенов,4,3,css-detail,пункт 2,D-პანთენოლი,D-пантенол,,
816879107,Шампунь «Хванчкара» 250 мл · без парабенов,4,3,css-detail,пункт 3,ალოე ვერა,Алоэ вера,,
816879107,Шампунь «Хванчкара» 250 мл · без парабенов,6,5,css-detail,заголовок,მახასიათებლები,Характеристики,,
816879107,Шампунь «Хванчкара» 250 мл · без парабенов,6,5,css-detail,пункт 1,მოცულობა — 250 მლ,Объём — 250 мл,,
816879107,Шампунь «Хванчкара» 250 мл · без парабенов,6,5,css-detail,пункт 2,ქვეყანა — საქართველო,Страна — Грузия,,
816879107,Шампунь «Хванчкара» 250 мл · без парабенов,6,5,css-detail,пункт 3,თმის ტიპი — ყველა ტიპი,Тип волос — Все типы,,
816874631,Шампунь «Саперави» 250 мл · без парабенов,2,1,poster,заголовок,შამპუნი,Шампунь,,
816874631,Шампунь «Саперави» 250 мл · без парабенов,2,1,poster,seriesName,საფერავი,Саперави,,
816874631,Шампунь «Саперави» 250 мл · без парабенов,2,1,poster,components,"ყურძნის წიპწის ზეთი, D-პანთენოლი","Масло виноградных косточек, D-пантенол",,
816874631,Шампунь «Саперави» 250 мл · без парабенов,2,1,poster,volume,250 მლ,250 мл,,
816874631,Шампунь «Саперави» 250 мл · без парабенов,2,1,poster,пункт 1,ნაზი წმენდა,Мягкое очищение,,
816874631,Шампунь «Саперави» 250 мл · без парабенов,2,1,poster,пункт 2,დატენიანება,Увлажнение,,
816874631,Шампунь «Саперави» 250 мл · без парабенов,2,1,poster,пункт 3,ბზინვარება და სირბილე,Блеск и мягкость,,
816874631,Шампунь «Саперави» 250 мл · без парабенов,2,1,poster,пункт 4,ბუნებრივი შემადგენლობა,Натуральный состав,,
816874631,Шампунь «Саперави» 250 мл · без парабенов,4,3,css-detail,заголовок,შემადგენლობა,Состав,,
816874631,Шампунь «Саперави» 250 мл · без парабенов,4,3,css-detail,пункт 1,ყურძნის წიპწის ზეთი,Масло виноградных косточек,,
816874631,Шампунь «Саперави» 250 мл · без парабенов,4,3,css-detail,пункт 2,D-პანთენოლი,D-пантенол,,
816874631,Шампунь «Саперави» 250 мл · без парабенов,4,3,css-detail,пункт 3,ალოე ვერა,Алоэ вера,,
816874631,Шампунь «Саперави» 250 мл · без парабенов,6,5,css-detail,заголовок,მახასიათებლები,Характеристики,,
816874631,Шампунь «Саперави» 250 мл · без парабенов,6,5,css-detail,пункт 1,მოცულობა — 250 მლ,Объём — 250 мл,,
816874631,Шампунь «Саперави» 250 мл · без парабенов,6,5,css-detail,пункт 2,ქვეყანა — საქართველო,Страна — Грузия,,
816874631,Шампунь «Саперави» 250 мл · без парабенов,6,5,css-detail,пункт 3,თმის ტიპი — ყველა ტიპი,Тип волос — Все типы,,
816865149,Шампунь «Ркацители» 250 мл · без парабенов,2,1,poster,заголовок,შამპუნი,Шампунь,,
816865149,Шампунь «Ркацители» 250 мл · без парабенов,2,1,poster,seriesName,რქაწითელი,Ркацители,,
816865149,Шампунь «Ркацители» 250 мл · без парабенов,2,1,poster,components,"ყურძნის წიპწის ზეთი, D-პანთენოლი","Масло виноградных косточек, D-пантенол",,
816865149,Шампунь «Ркацители» 250 мл · без парабенов,2,1,poster,volume,250 მლ,250 мл,,
816865149,Шампунь «Ркацители» 250 мл · без парабенов,2,1,poster,пункт 1,ნაზი წმენდა,Мягкое очищение,,
816865149,Шампунь «Ркацители» 250 мл · без парабенов,2,1,poster,пункт 2,დატენიანება,Увлажнение,,
816865149,Шампунь «Ркацители» 250 мл · без парабенов,2,1,poster,пункт 3,ბზინვარება და სირბილე,Блеск и мягкость,,
816865149,Шампунь «Ркацители» 250 мл · без парабенов,2,1,poster,пункт 4,ბუნებრივი შემადგენლობა,Натуральный состав,,
816865149,Шампунь «Ркацители» 250 мл · без парабенов,4,3,css-detail,заголовок,შემადგენლობა,Состав,,
816865149,Шампунь «Ркацители» 250 мл · без парабенов,4,3,css-detail,пункт 1,ყურძნის წიპწის ზეთი,Масло виноградных косточек,,
816865149,Шампунь «Ркацители» 250 мл · без парабенов,4,3,css-detail,пункт 2,D-პანთენოლი,D-пантенол,,
816865149,Шампунь «Ркацители» 250 мл · без парабенов,4,3,css-detail,пункт 3,ალოე ვერა,Алоэ вера,,
816865149,Шампунь «Ркацители» 250 мл · без парабенов,6,5,css-detail,заголовок,მახასიათებლები,Характеристики,,
816865149,Шампунь «Ркацители» 250 мл · без парабенов,6,5,css-detail,пункт 1,მოცულობა — 250 მლ,Объём — 250 мл,,
816865149,Шампунь «Ркацители» 250 мл · без парабенов,6,5,css-detail,пункт 2,ქვეყანა — საქართველო,Страна — Грузия,,
816865149,Шампунь «Ркацители» 250 мл · без парабенов,6,5,css-detail,пункт 3,თმის ტიპი — ყველა ტიპი,Тип волос — Все типы,,
806998329,Кондиционер Хванчкара · 250 мл,2,1,poster,заголовок,კონდიციონერი,Кондиционер,,
806998329,Кондиционер Хванчкара · 250 мл,2,1,poster,seriesName,ხვანჭკარა,Хванчкара,,
806998329,Кондиционер Хванчкара · 250 мл,2,1,poster,components,"ყურძნის წიპწის ზეთი, D-პანთენოლი","Масло виноградных косточек, D-пантенол",,
806998329,Кондиционер Хванчкара · 250 мл,2,1,poster,volume,250 მლ,250 мл,,
806998329,Кондиционер Хванчкара · 250 мл,2,1,poster,пункт 1,კვება,Питание,,
806998329,Кондиционер Хванчкара · 250 мл,2,1,poster,пункт 2,დატენიანება,Увлажнение,,
806998329,Кондиционер Хванчкара · 250 мл,2,1,poster,пункт 3,აღდგენა,Восстановление,,
806998329,Кондиционер Хванчкара · 250 мл,2,1,poster,пункт 4,ბუნებრივი შემადგენლობა,Натуральный состав,,
806998329,Кондиционер Хванчкара · 250 мл,4,3,css-detail,заголовок,შემადგენლობა,Состав,,
806998329,Кондиционер Хванчкара · 250 мл,4,3,css-detail,пункт 1,ყურძნის წიპწის ზეთი,Масло виноградных косточек,,
806998329,Кондиционер Хванчкара · 250 мл,4,3,css-detail,пункт 2,D-პანთენოლი,D-пантенол,,
806998329,Кондиционер Хванчкара · 250 мл,4,3,css-detail,пункт 3,შიის კარაქი,Масло ши,,
806998329,Кондиционер Хванчкара · 250 мл,6,5,css-detail,заголовок,მახასიათებლები,Характеристики,,
806998329,Кондиционер Хванчкара · 250 мл,6,5,css-detail,пункт 1,მოცულობა — 250 მლ,Объём — 250 мл,,
806998329,Кондиционер Хванчкара · 250 мл,6,5,css-detail,пункт 2,ქვეყანა — საქართველო,Страна — Грузия,,
806998329,Кондиционер Хванчкара · 250 мл,6,5,css-detail,пункт 3,თმის ტიპი — ყველა ტიპი,Тип волос — Все типы,,
807008357,Скраб для тела Хванчкара · 250 мл,2,1,poster,заголовок,სკრაბი,Скраб для тела,,
807008357,Скраб для тела Хванчкара · 250 мл,2,1,poster,seriesName,ხვანჭკარა,Хванчкара,,
807008357,Скраб для тела Хванчкара · 250 мл,2,1,poster,components,"ყურძნის წიპწის ზეთი, ქოქოსის ზეთი","Масло виноградных косточек, Кокосовое масло",,
807008357,Скраб для тела Хванчкара · 250 мл,2,1,poster,volume,250 მლ,250 мл,,
807008357,Скраб для тела Хванчкара · 250 мл,2,1,poster,пункт 1,წმენდა,Очищение,,
807008357,Скраб для тела Хванчкара · 250 мл,2,1,poster,пункт 2,მკვდარი უჯრედების მოცილება,Удаление отмерших клеток,,
807008357,Скраб для тела Хванчкара · 250 мл,2,1,poster,пункт 3,კვება,Питание,,
807008357,Скраб для тела Хванчкара · 250 мл,2,1,poster,пункт 4,ბუნებრივი შემადგენლობა,Натуральный состав,,
807008357,Скраб для тела Хванчкара · 250 мл,4,3,css-detail,заголовок,შემადგენლობა,Состав,,
807008357,Скраб для тела Хванчкара · 250 мл,4,3,css-detail,пункт 1,ყურძნის წიპწის ზეთი,Масло виноградных косточек,,
807008357,Скраб для тела Хванчкара · 250 мл,4,3,css-detail,пункт 2,ქოქოსის ზეთი,Кокосовое масло,,
807008357,Скраб для тела Хванчкара · 250 мл,4,3,css-detail,пункт 3,ვარდისფერი თიხა,Розовая глина,,
807008357,Скраб для тела Хванчкара · 250 мл,6,5,css-detail,заголовок,მახასიათებლები,Характеристики,,
807008357,Скраб для тела Хванчкара · 250 мл,6,5,css-detail,пункт 1,მოცულობა — 250 მლ,Объём — 250 мл,,
807008357,Скраб для тела Хванчкара · 250 мл,6,5,css-detail,пункт 2,ქვეყანა — საქართველო,Страна — Грузия,,
807008357,Скраб для тела Хванчкара · 250 мл,6,5,css-detail,пункт 3,კანის ტიპი — ყველა ტიპი,Тип кожи — Все типы,,
803651838,Скраб для тела Саперави · 250 мл,2,1,poster,заголовок,სკრაბი,Скраб для тела,,
803651838,Скраб для тела Саперави · 250 мл,2,1,poster,seriesName,საფერავი,Саперави,,
803651838,Скраб для тела Саперави · 250 мл,2,1,poster,components,"ყურძნის წიპწის ზეთი, ქოქოსის ზეთი","Масло виноградных косточек, Кокосовое масло",,
803651838,Скраб для тела Саперави · 250 мл,2,1,poster,volume,250 მლ,250 мл,,
803651838,Скраб для тела Саперави · 250 мл,2,1,poster,пункт 1,წმენდა,Очищение,,
803651838,Скраб для тела Саперави · 250 мл,2,1,poster,пункт 2,მკვდარი უჯრედების მოცილება,Удаление отмерших клеток,,
803651838,Скраб для тела Саперави · 250 мл,2,1,poster,пункт 3,კვება,Питание,,
803651838,Скраб для тела Саперави · 250 мл,2,1,poster,пункт 4,ბუნებრივი შემადგენლობა,Натуральный состав,,
803651838,Скраб для тела Саперави · 250 мл,4,3,css-detail,заголовок,შემადგენლობა,Состав,,
803651838,Скраб для тела Саперави · 250 мл,4,3,css-detail,пункт 1,ყურძნის წიპწის ზეთი,Масло виноградных косточек,,
803651838,Скраб для тела Саперави · 250 мл,4,3,css-detail,пункт 2,ქოქოსის ზეთი,Кокосовое масло,,
803651838,Скраб для тела Саперави · 250 мл,4,3,css-detail,пункт 3,ვარდისფერი თიხა,Розовая глина,,
803651838,Скраб для тела Саперави · 250 мл,6,5,css-detail,заголовок,მახასიათებლები,Характеристики,,
803651838,Скраб для тела Саперави · 250 мл,6,5,css-detail,пункт 1,მოცულობა — 250 მლ,Объём — 250 мл,,
803651838,Скраб для тела Саперави · 250 мл,6,5,css-detail,пункт 2,ქვეყანა — საქართველო,Страна — Грузия,,
803651838,Скраб для тела Саперави · 250 мл,6,5,css-detail,пункт 3,კანის ტიპი — ყველა ტიპი,Тип кожи — Все типы,,
815080890,Лосьон для тела Ркацители · 250 мл,2,1,poster,заголовок,ლოსიონი,Лосьон для тела,,
815080890,Лосьон для тела Ркацители · 250 мл,2,1,poster,seriesName,რქაწითელი,Ркацители,,
815080890,Лосьон для тела Ркацители · 250 мл,2,1,poster,components,"ყურძნის წიპწის ზეთი, შიის კარაქი","Масло виноградных косточек, Масло ши",,
815080890,Лосьон для тела Ркацители · 250 мл,2,1,poster,volume,250 მლ,250 мл,,
815080890,Лосьон для тела Ркацители · 250 мл,2,1,poster,пункт 1,დატენიანება,Увлажнение,,
815080890,Лосьон для тела Ркацители · 250 мл,2,1,poster,пункт 2,სირბილე,Мягкость,,
815080890,Лосьон для тела Ркацители · 250 мл,2,1,poster,пункт 3,მსუბუქი ტექსტურა,Лёгкая текстура,,
815080890,Лосьон для тела Ркацители · 250 мл,2,1,poster,пункт 4,ბუნებრივი შემადგენლობა,Натуральный состав,,
815080890,Лосьон для тела Ркацители · 250 мл,4,3,css-detail,заголовок,შემადგენლობა,Состав,,
815080890,Лосьон для тела Ркацители · 250 мл,4,3,css-detail,пункт 1,ყურძნის წიპწის ზეთი,Масло виноградных косточек,,
815080890,Лосьон для тела Ркацители · 250 мл,4,3,css-detail,пункт 2,შიის კარაქი,Масло ши,,
815080890,Лосьон для тела Ркацители · 250 мл,4,3,css-detail,пункт 3,ნუშის ზეთი,Миндальное масло,,
815080890,Лосьон для тела Ркацители · 250 мл,6,5,css-detail,заголовок,მახასიათებლები,Характеристики,,
815080890,Лосьон для тела Ркацители · 250 мл,6,5,css-detail,пункт 1,მოცულობა — 250 მლ,Объём — 250 мл,,
815080890,Лосьон для тела Ркацители · 250 мл,6,5,css-detail,пункт 2,ქვეყანა — საქართველო,Страна — Грузия,,
815080890,Лосьон для тела Ркацители · 250 мл,6,5,css-detail,пункт 3,კანის ტიპი — ყველა ტიპი,Тип кожи — Все типы,,
807042966,Крем для рук Сад Мтевани · 250 мл,2,1,poster,заголовок,ხელის კრემი,Крем для рук,,
807042966,Крем для рук Сад Мтевани · 250 мл,2,1,poster,seriesName,მტევანის ბაღი,Сад Мтевани,,
807042966,Крем для рук Сад Мтевани · 250 мл,2,1,poster,components,"ყურძნის წიპწის ზეთი, ვიტამინი E","Масло виноградных косточек, Витамин E",,
807042966,Крем для рук Сад Мтевани · 250 мл,2,1,poster,volume,250 მლ,250 мл,,
807042966,Крем для рук Сад Мтевани · 250 мл,2,1,poster,пункт 1,დატენიანება,Увлажнение,,
807042966,Крем для рук Сад Мтевани · 250 мл,2,1,poster,пункт 2,კვება,Питание,,
807042966,Крем для рук Сад Мтевани · 250 мл,2,1,poster,пункт 3,სიმშრალისგან დაცვა,Защита от сухости,,
807042966,Крем для рук Сад Мтевани · 250 мл,2,1,poster,пункт 4,ბუნებრივი შემადგენლობა,Натуральный состав,,
807042966,Крем для рук Сад Мтевани · 250 мл,4,3,css-detail,заголовок,შემადგენლობა,Состав,,
807042966,Крем для рук Сад Мтевани · 250 мл,4,3,css-detail,пункт 1,ყურძნის წიპწის ზეთი,Масло виноградных косточек,,
807042966,Крем для рук Сад Мтевани · 250 мл,4,3,css-detail,пункт 2,ვიტამინი E,Витамин E,,
807042966,Крем для рук Сад Мтевани · 250 мл,4,3,css-detail,пункт 3,შიის კარაქი,Масло ши,,
807042966,Крем для рук Сад Мтевани · 250 мл,6,5,css-detail,заголовок,მახასიათებლები,Характеристики,,
807042966,Крем для рук Сад Мтевани · 250 мл,6,5,css-detail,пункт 1,მოცულობა — 250 მლ,Объём — 250 мл,,
807042966,Крем для рук Сад Мтевани · 250 мл,6,5,css-detail,пункт 2,ქვეყანა — საქართველო,Страна — Грузия,,
807042966,Крем для рук Сад Мтевани · 250 мл,6,5,css-detail,пункт 3,კანის ტიპი — ყველა ტიპი,Тип кожи — Все типы,,
807036263,Маска для лица Сад Мтевани · 250 мл,2,1,poster,заголовок,სახის ნიღაბი,Маска для лица,,
807036263,Маска для лица Сад Мтевани · 250 мл,2,1,poster,seriesName,მტევანის ბაღი,Сад Мтевани,,
807036263,Маска для лица Сад Мтевани · 250 мл,2,1,poster,components,"ყურძნის წიპწის ზეთი, კაკაოს კარაქი","Масло виноградных косточек, Масло какао",,
807036263,Маска для лица Сад Мтевани · 250 мл,2,1,poster,volume,250 მლ,250 мл,,
807036263,Маска для лица Сад Мтевани · 250 мл,2,1,poster,пункт 1,დატენიანება,Увлажнение,,
807036263,Маска для лица Сад Мтевани · 250 мл,2,1,poster,пункт 2,კვება,Питание,,
807036263,Маска для лица Сад Мтевани · 250 мл,2,1,poster,пункт 3,კანის დამშვიდება,Успокоение кожи,,
807036263,Маска для лица Сад Мтевани · 250 мл,2,1,poster,пункт 4,ბუნებრივი შემადგენლობა,Натуральный состав,,
807036263,Маска для лица Сад Мтевани · 250 мл,4,3,css-detail,заголовок,შემადგენლობა,Состав,,
807036263,Маска для лица Сад Мтевани · 250 мл,4,3,css-detail,пункт 1,ყურძნის წიპწის ზეთი,Масло виноградных косточек,,
807036263,Маска для лица Сад Мтевани · 250 мл,4,3,css-detail,пункт 2,კაკაოს კარაქი,Масло какао,,
807036263,Маска для лица Сад Мтевани · 250 мл,4,3,css-detail,пункт 3,შიის კარაქი,Масло ши,,
807036263,Маска для лица Сад Мтевани · 250 мл,6,5,css-detail,заголовок,მახასიათებლები,Характеристики,,
807036263,Маска для лица Сад Мтевани · 250 мл,6,5,css-detail,пункт 1,მოცულობა — 250 მლ,Объём — 250 мл,,
807036263,Маска для лица Сад Мтевани · 250 мл,6,5,css-detail,пункт 2,ქვეყანა — საქართველო,Страна — Грузия,,
807036263,Маска для лица Сад Мтевани · 250 мл,6,5,css-detail,пункт 3,კანის ტიპი — ყველა ტიპი,Тип кожи — Все типы,,
806946566,Массажное масло Ркацители · 250 мл,2,1,poster,заголовок,სამასაჟე ზეთი,Массажное масло,,
806946566,Массажное масло Ркацители · 250 мл,2,1,poster,seriesName,რქაწითელი,Ркацители,,
806946566,Массажное масло Ркацители · 250 мл,2,1,poster,components,"ყურძნის წიპწის ზეთი, ჟოჟობას ზეთი","Масло виноградных косточек, Масло жожоба",,
806946566,Массажное масло Ркацители · 250 мл,2,1,poster,volume,250 მლ,250 мл,,
806946566,Массажное масло Ркацители · 250 мл,2,1,poster,пункт 1,სხეულის მასაჟი,Массаж тела,,
806946566,Массажное масло Ркацители · 250 мл,2,1,poster,пункт 2,კანის კვება,Питание кожи,,
806946566,Массажное масло Ркацители · 250 мл,2,1,poster,пункт 3,სიმკვრივე,Упругость,,
806946566,Массажное масло Ркацители · 250 мл,2,1,poster,пункт 4,ბუნებრივი შემადგენლობა,Натуральный состав,,
806946566,Массажное масло Ркацители · 250 мл,4,3,css-detail,заголовок,შემადგენლობა,Состав,,
806946566,Массажное масло Ркацители · 250 мл,4,3,css-detail,пункт 1,ყურძნის წიპწის ზეთი,Масло виноградных косточек,,
806946566,Массажное масло Ркацители · 250 мл,4,3,css-detail,пункт 2,ჟოჟობას ზეთი,Масло жожоба,,
806946566,Массажное масло Ркацители · 250 мл,4,3,css-detail,пункт 3,ნუშის ზეთი,Миндальное масло,,
806946566,Массажное масло Ркацители · 250 мл,6,5,css-detail,заголовок,მახასიათებლები,Характеристики,,
806946566,Массажное масло Ркацители · 250 мл,6,5,css-detail,пункт 1,მოცულობა — 250 მლ,Объём — 250 мл,,
806946566,Массажное масло Ркацители · 250 мл,6,5,css-detail,пункт 2,ქვეყანა — საქართველო,Страна — Грузия,,
806946566,Массажное масло Ркацители · 250 мл,6,5,css-detail,пункт 3,კანის ტიპი — ყველა ტიპი,Тип кожи — Все типы,,
807018195,Жидкое мыло Хванчкара · 400 мл,2,1,poster,заголовок,თხევადი საპონი,Жидкое мыло,,
807018195,Жидкое мыло Хванчкара · 400 мл,2,1,poster,seriesName,ხვანჭკარა,Хванчкара,,
807018195,Жидкое мыло Хванчкара · 400 мл,2,1,poster,components,"ყურძნის წიპწის ზეთი, გლიცერინი","Масло виноградных косточек, Глицерин",,
807018195,Жидкое мыло Хванчкара · 400 мл,2,1,poster,volume,400 მლ,400 мл,,
807018195,Жидкое мыло Хванчкара · 400 мл,2,1,poster,пункт 1,ნაზი წმენდა,Мягкое очищение,,
807018195,Жидкое мыло Хванчкара · 400 мл,2,1,poster,пункт 2,არ აშრობს კანს,Не сушит кожу,,
807018195,Жидкое мыло Хванчкара · 400 мл,2,1,poster,пункт 3,ყოველდღიური მოვლა,Для ежедневного ухода,,
807018195,Жидкое мыло Хванчкара · 400 мл,2,1,poster,пункт 4,ბუნებრივი შემადგენლობა,Натуральный состав,,
807018195,Жидкое мыло Хванчкара · 400 мл,4,3,css-detail,заголовок,შემადგენლობა,Состав,,
807018195,Жидкое мыло Хванчкара · 400 мл,4,3,css-detail,пункт 1,ყურძნის წიპწის ზეთი,Масло виноградных косточек,,
807018195,Жидкое мыло Хванчкара · 400 мл,4,3,css-detail,пункт 2,გლიცერინი,Глицерин,,
807018195,Жидкое мыло Хванчкара · 400 мл,4,3,css-detail,пункт 3,კალიუმის კოკოატი,Кокоат калия,,
807018195,Жидкое мыло Хванчкара · 400 мл,6,5,css-detail,заголовок,მახასიათებლები,Характеристики,,
807018195,Жидкое мыло Хванчкара · 400 мл,6,5,css-detail,пункт 1,მოცულობა — 400 მლ,Объём — 400 мл,,
807018195,Жидкое мыло Хванчкара · 400 мл,6,5,css-detail,пункт 2,ქვეყანა — საქართველო,Страна — Грузия,,
807018195,Жидкое мыло Хванчкара · 400 мл,6,5,css-detail,пункт 3,კანის ტიპი — ყველა ტიპი,Тип кожи — Все типы,,
807056261,Твёрдое мыло Сад Мтевани · 90 г,2,1,poster,заголовок,მყარი საპონი,Твёрдое мыло,,
807056261,Твёрдое мыло Сад Мтевани · 90 г,2,1,poster,seriesName,მტევანის ბაღი,Сад Мтевани,,
807056261,Твёрдое мыло Сад Мтевани · 90 г,2,1,poster,components,"თხის რძე, ზეთისხილის ზეთი","Козье молоко, Оливковое масло",,
807056261,Твёрдое мыло Сад Мтевани · 90 г,2,1,poster,volume,90 გ,90 г,,
807056261,Твёрдое мыло Сад Мтевани · 90 г,2,1,poster,пункт 1,ნაზი წმენდა,Мягкое очищение,,
807056261,Твёрдое мыло Сад Мтевани · 90 г,2,1,poster,пункт 2,დატენიანება,Увлажнение,,
807056261,Твёрдое мыло Сад Мтевани · 90 г,2,1,poster,пункт 3,თხის რძე,Козье молоко,,
807056261,Твёрдое мыло Сад Мтевани · 90 г,2,1,poster,пункт 4,ბუნებრივი შემადგენლობა,Натуральный состав,,
807056261,Твёрдое мыло Сад Мтевани · 90 г,4,3,css-detail,заголовок,შემადგენლობა,Состав,,
807056261,Твёрдое мыло Сад Мтевани · 90 г,4,3,css-detail,пункт 1,თხის რძე,Козье молоко,,
807056261,Твёрдое мыло Сад Мтевани · 90 г,4,3,css-detail,пункт 2,ზეთისხილის ზეთი,Оливковое масло,,
807056261,Твёрдое мыло Сад Мтевани · 90 г,4,3,css-detail,пункт 3,ყურძნის წიპწის ზეთი,Масло виноградных косточек,,
807056261,Твёрдое мыло Сад Мтевани · 90 г,6,5,css-detail,заголовок,მახასიათებლები,Характеристики,,
807056261,Твёрдое мыло Сад Мтевани · 90 г,6,5,css-detail,пункт 1,წონა — 90 გ,Вес — 90 г,,
807056261,Твёрдое мыло Сад Мтевани · 90 г,6,5,css-detail,пункт 2,ქვეყანა — საქართველო,Страна — Грузия,,
807056261,Твёрдое мыло Сад Мтевани · 90 г,6,5,css-detail,пункт 3,კანის ტიპი — ყველა ტიპი,Тип кожи — Все типы,,
807062571,Подарочный набор Сад Мтевани,2,1,poster,заголовок,სასაჩუქრე ნაკრები,Подарочный набор,,
807062571,Подарочный набор Сад Мтевани,2,1,poster,seriesName,მტევანის ბაღი,Сад Мтевани,,
807062571,Подарочный набор Сад Мтевани,2,1,poster,components,"ყურძნის წიპწის ზეთი, შიის კარაქი","Масло виноградных косточек, Масло ши",,
807062571,Подарочный набор Сад Мтевани,2,1,poster,volume,2 ცალი,2 предмета,,
807062571,Подарочный набор Сад Мтевани,2,1,poster,пункт 1,სასაჩუქრე შეფუთვა,Подарочная упаковка,,
807062571,Подарочный набор Сад Мтевани,2,1,poster,пункт 2,ორი საშუალება,Два средства,,
807062571,Подарочный набор Сад Мтевани,2,1,poster,пункт 3,დამზადებულია საქართველოში,Сделано в Грузии,,
807062571,Подарочный набор Сад Мтевани,2,1,poster,пункт 4,ბუნებრივი შემადგენლობა,Натуральный состав,,
807062571,Подарочный набор Сад Мтевани,4,3,css-detail,заголовок,შემადგენლობა,Состав,,
807062571,Подарочный набор Сад Мтевани,4,3,css-detail,пункт 1,ყურძნის წიპწის ზეთი,Масло виноградных косточек,,
807062571,Подарочный набор Сад Мтевани,4,3,css-detail,пункт 2,შიის კარაქი,Масло ши,,
807062571,Подарочный набор Сад Мтевани,4,3,css-detail,пункт 3,ვიტამინი E,Витамин E,,
807062571,Подарочный набор Сад Мтевани,6,5,css-detail,заголовок,მახასიათებლები,Характеристики,,
807062571,Подарочный набор Сад Мтевани,6,5,css-detail,пункт 1,რაოდენობა — 2 ცალი,Количество — 2 предмета,,
807062571,Подарочный набор Сад Мтевани,6,5,css-detail,пункт 2,ქვეყანა — საქართველო,Страна — Грузия,,
807062571,Подарочный набор Сад Мтевани,6,5,css-detail,пункт 3,კანის ტიპი — ყველა ტიპი,Тип кожи — Все типы,,
803724234,Подарочный набор Саперави,2,1,poster,заголовок,სასაჩუქრე ნაკრები,Подарочный набор,,
803724234,Подарочный набор Саперави,2,1,poster,seriesName,საფერავი,Саперави,,
803724234,Подарочный набор Саперави,2,1,poster,components,"ყურძნის წიპწის ზეთი, D-პანთენოლი","Масло виноградных косточек, D-пантенол",,
803724234,Подарочный набор Саперави,2,1,poster,volume,2 ცალი,2 предмета,,
803724234,Подарочный набор Саперави,2,1,poster,пункт 1,სასაჩუქრე შეფუთვა,Подарочная упаковка,,
803724234,Подарочный набор Саперави,2,1,poster,пункт 2,ორი საშუალება,Два средства,,
803724234,Подарочный набор Саперави,2,1,poster,пункт 3,დამზადებულია საქართველოში,Сделано в Грузии,,
803724234,Подарочный набор Саперави,2,1,poster,пункт 4,ბუნებრივი შემადგენლობა,Натуральный состав,,
803724234,Подарочный набор Саперави,4,3,css-detail,заголовок,შემადგენლობა,Состав,,
803724234,Подарочный набор Саперави,4,3,css-detail,пункт 1,ყურძნის წიპწის ზეთი,Масло виноградных косточек,,
803724234,Подарочный набор Саперави,4,3,css-detail,пункт 2,D-პანთენოლი,D-пантенол,,
803724234,Подарочный набор Саперави,4,3,css-detail,пункт 3,ვარდისფერი თიხა,Розовая глина,,
803724234,Подарочный набор Саперави,6,5,css-detail,заголовок,მახასიათებლები,Характеристики,,
803724234,Подарочный набор Саперави,6,5,css-detail,пункт 1,რაოდენობა — 2 ცალი,Количество — 2 предмета,,
803724234,Подарочный набор Саперави,6,5,css-detail,пункт 2,ქვეყანა — საქართველო,Страна — Грузия,,
803724234,Подарочный набор Саперави,6,5,css-detail,пункт 3,კანისა და თმისთვის — ყველა ტიპი,Для кожи и волос — Все типы,,
807024752,Подарочный набор Хванчкара,2,1,poster,заголовок,სასაჩუქრე ნაკრები,Подарочный набор,,
807024752,Подарочный набор Хванчкара,2,1,poster,seriesName,ხვანჭკარა,Хванчкара,,
807024752,Подарочный набор Хванчкара,2,1,poster,components,"ყურძნის წიპწის ზეთი, D-პანთენოლი","Масло виноградных косточек, D-пантенол",,
807024752,Подарочный набор Хванчкара,2,1,poster,volume,2 ცალი,2 предмета,,
807024752,Подарочный набор Хванчкара,2,1,poster,пункт 1,სასაჩუქრე შეფუთვა,Подарочная упаковка,,
807024752,Подарочный набор Хванчкара,2,1,poster,пункт 2,ორი საშუალება,Два средства,,
807024752,Подарочный набор Хванчкара,2,1,poster,пункт 3,დამზადებულია საქართველოში,Сделано в Грузии,,
807024752,Подарочный набор Хванчкара,2,1,poster,пункт 4,ბუნებრივი შემადგენლობა,Натуральный состав,,
807024752,Подарочный набор Хванчкара,4,3,css-detail,заголовок,შემადგენლობა,Состав,,
807024752,Подарочный набор Хванчкара,4,3,css-detail,пункт 1,ყურძნის წიპწის ზეთი,Масло виноградных косточек,,
807024752,Подарочный набор Хванчкара,4,3,css-detail,пункт 2,D-პანთენოლი,D-пантенол,,
807024752,Подарочный набор Хванчкара,4,3,css-detail,пункт 3,შიის კარაქი,Масло ши,,
807024752,Подарочный набор Хванчкара,6,5,css-detail,заголовок,მახასიათებლები,Характеристики,,
807024752,Подарочный набор Хванчкара,6,5,css-detail,пункт 1,რაოდენობა — 2 ცალი,Количество — 2 предмета,,
807024752,Подарочный набор Хванчкара,6,5,css-detail,пункт 2,ქვეყანა — საქართველო,Страна — Грузия,,
807024752,Подарочный набор Хванчкара,6,5,css-detail,пункт 3,თმის ტიპი — ყველა ტიპი,Тип волос — Все типы,,
